Designator,Mid X,Mid Y,Rotation,Layer
BOOTSEL,320.14,-98.31,0.0,top
C1,317.4625,-30.0,0.0,top
C10,43.19,-42.97,90.0,bottom
C100,218.7475,-110.065,270.0,bottom
C101,257.5025,-128.695,90.0,bottom
C102,290.185,-71.965,270.0,bottom
C103,147.965,-90.595,90.0,bottom
C104,199.6975,-110.065,270.0,bottom
C105,283.69625,-128.695,90.0,bottom
C11,261.61,-71.965,270.0,bottom
C12,167.015,-90.595,90.0,bottom
C13,180.6475,-110.065,270.0,bottom
C14,314.6525,-133.458,90.0,bottom
C15,81.29,-42.97,90.0,bottom
C16,242.56,-71.965,270.0,bottom
C17,186.065,-90.595,90.0,bottom
C18,161.5975,-110.065,270.0,bottom
C19,338.465,-128.695,90.0,bottom
C2,309.4175,-63.92,0.0,bottom
C20,100.34,-42.97,90.0,bottom
C21,223.51,-71.965,270.0,bottom
C22,205.115,-90.595,90.0,bottom
C23,142.5475,-110.065,270.0,bottom
C24,357.515,-128.695,90.0,bottom
C25,119.39,-42.97,90.0,bottom
C26,204.46,-71.965,270.0,bottom
C27,224.165,-90.595,90.0,bottom
C28,123.4975,-110.065,270.0,bottom
C29,376.565,-128.695,90.0,bottom
C3,317.6,-68.99,270.0,bottom
C30,138.44,-42.97,90.0,bottom
C31,185.41,-71.965,270.0,bottom
C32,243.215,-90.595,90.0,bottom
C33,104.4475,-110.065,270.0,bottom
C34,385.435,-138.64,270.0,bottom
C35,167.015,-42.97,90.0,bottom
C36,166.36,-71.965,270.0,bottom
C37,262.265,-90.595,90.0,bottom
C38,85.3975,-110.065,270.0,bottom
C39,366.385,-148.165,270.0,bottom
C4,334.8525,-53.55,0.0,top
C40,186.065,-42.97,90.0,bottom
C41,147.31,-71.965,270.0,bottom
C42,281.315,-90.595,90.0,bottom
C43,66.3475,-110.065,270.0,bottom
C44,347.335,-148.165,270.0,bottom
C45,205.115,-42.97,90.0,bottom
C46,128.26,-71.965,270.0,bottom
C47,305.1275,-90.595,90.0,bottom
C48,40.15375,-110.065,270.0,bottom
C49,323.5225,-152.928,270.0,bottom
C5,335.0025,-49.6,0.0,top
C50,224.165,-42.97,90.0,bottom
C51,109.21,-71.965,270.0,bottom
C52,338.465,-90.595,90.0,bottom
C53,55.09625,-128.695,90.0,bottom
C54,304.4725,-152.928,270.0,bottom
C55,252.74,-42.97,90.0,bottom
C56,90.16,-71.965,270.0,bottom
C57,357.515,-90.595,90.0,bottom
C58,86.0525,-128.695,90.0,bottom
C59,285.4225,-152.928,270.0,bottom
C6,335.1425,-47.46,0.0,top
C60,271.79,-42.97,90.0,bottom
C61,71.11,-71.965,270.0,bottom
C62,376.565,-90.595,90.0,bottom
C63,105.1025,-128.695,90.0,bottom
C64,261.61,-148.165,270.0,bottom
C65,290.84,-42.97,90.0,bottom
C66,52.06,-71.965,270.0,bottom
C67,395.615,-100.12,90.0,bottom
C68,124.1525,-128.695,90.0,bottom
C69,242.56,-148.165,270.0,bottom
C7,335.2125,-45.25,0.0,top
C70,309.89,-42.97,90.0,bottom
C71,33.01,-71.965,270.0,bottom
C72,366.385,-110.065,270.0,bottom
C73,143.2025,-128.695,90.0,bottom
C74,223.51,-148.165,270.0,bottom
C75,357.515,-42.97,90.0,bottom
C76,347.335,-110.065,270.0,bottom
C77,162.2525,-128.695,90.0,bottom
C78,154.45375,-148.165,270.0,bottom
C79,376.565,-42.97,90.0,bottom
C8,340.91,-43.85,180.0,top
C80,47.9525,-90.595,90.0,bottom
C81,328.285,-110.065,270.0,bottom
C82,181.3025,-128.695,90.0,bottom
C83,83.01625,-148.165,270.0,bottom
C84,385.435,-71.965,270.0,bottom
C85,71.765,-90.595,90.0,bottom
C86,287.80375,-110.065,270.0,bottom
C87,200.3525,-128.695,90.0,bottom
C88,59.20375,-148.165,270.0,bottom
C89,366.385,-71.965,270.0,bottom
C9,329.9625,-53.5,0.0,top
C90,90.815,-90.595,90.0,bottom
C91,256.8475,-110.065,270.0,bottom
C92,219.4025,-128.695,90.0,bottom
C93,35.39125,-148.165,270.0,bottom
C94,347.335,-71.965,270.0,bottom
C95,109.865,-90.595,90.0,bottom
C96,237.7975,-110.065,270.0,bottom
C97,238.4525,-128.695,90.0,bottom
C98,328.285,-71.965,270.0,bottom
C99,128.915,-90.595,90.0,bottom
D1,46.379999,-42.95,90.0,bottom
D10,255.929999,-42.95,90.0,bottom
D11,274.979999,-42.95,90.0,bottom
D12,294.029999,-42.95,90.0,bottom
D13,313.079999,-42.95,90.0,bottom
D14,360.704999,-42.95,90.0,bottom
D15,379.754999,-42.95,90.0,bottom
D16,46.379999,-71.525,90.0,bottom
D17,65.429999,-71.525,90.0,bottom
D18,84.479999,-71.525,90.0,bottom
D19,103.529999,-71.525,90.0,bottom
D2,84.479999,-42.95,90.0,bottom
D20,122.579999,-71.525,90.0,bottom
D21,141.629999,-71.525,90.0,bottom
D22,160.679999,-71.525,90.0,bottom
D23,179.729999,-71.525,90.0,bottom
D24,198.779999,-71.525,90.0,bottom
D25,217.829999,-71.525,90.0,bottom
D26,236.879999,-71.525,90.0,bottom
D27,255.929999,-71.525,90.0,bottom
D28,274.979999,-71.525,90.0,bottom
D29,303.554999,-71.525,90.0,bottom
D3,103.529999,-42.95,90.0,bottom
D30,341.654999,-71.525,90.0,bottom
D31,360.704999,-71.525,90.0,bottom
D32,379.754999,-71.525,90.0,bottom
D33,398.804999,-71.525,90.0,bottom
D34,398.804999,-138.2,90.0,bottom
D35,51.142499,-90.575,90.0,bottom
D36,74.954999,-90.575,90.0,bottom
D37,94.004999,-90.575,90.0,bottom
D38,113.054999,-90.575,90.0,bottom
D39,132.104999,-90.575,90.0,bottom
D4,122.579999,-42.95,90.0,bottom
D40,151.154999,-90.575,90.0,bottom
D41,170.204999,-90.575,90.0,bottom
D42,189.254999,-90.575,90.0,bottom
D43,208.304999,-90.575,90.0,bottom
D44,227.354999,-90.575,90.0,bottom
D45,246.404999,-90.575,90.0,bottom
D46,265.454999,-90.575,90.0,bottom
D47,284.504999,-90.575,90.0,bottom
D48,308.317499,-90.575,90.0,bottom
D49,341.654999,-90.575,90.0,bottom
D5,141.629999,-42.95,90.0,bottom
D50,360.704999,-90.575,90.0,bottom
D51,379.754999,-90.575,90.0,bottom
D52,398.804999,-100.1,90.0,bottom
D53,53.523749,-109.625,90.0,bottom
D54,79.717499,-109.625,90.0,bottom
D55,98.767499,-109.625,90.0,bottom
D56,117.817499,-109.625,90.0,bottom
D57,136.867499,-109.625,90.0,bottom
D58,155.917499,-109.625,90.0,bottom
D59,174.967499,-109.625,90.0,bottom
D6,170.204999,-42.95,90.0,bottom
D60,194.017499,-109.625,90.0,bottom
D61,213.067499,-109.625,90.0,bottom
D62,232.117499,-109.625,90.0,bottom
D63,251.167499,-109.625,90.0,bottom
D64,270.217499,-109.625,90.0,bottom
D65,301.173749,-109.625,90.0,bottom
D66,341.654999,-109.625,90.0,bottom
D67,360.704999,-109.625,90.0,bottom
D68,379.754999,-109.625,90.0,bottom
D69,58.286249,-128.675,90.0,bottom
D7,189.254999,-42.95,90.0,bottom
D70,89.242499,-128.675,90.0,bottom
D71,108.292499,-128.675,90.0,bottom
D72,127.342499,-128.675,90.0,bottom
D73,146.392499,-128.675,90.0,bottom
D74,165.442499,-128.675,90.0,bottom
D75,184.492499,-128.675,90.0,bottom
D76,203.542499,-128.675,90.0,bottom
D77,222.592499,-128.675,90.0,bottom
D78,241.642499,-128.675,90.0,bottom
D79,260.692499,-128.675,90.0,bottom
D8,208.304999,-42.95,90.0,bottom
D80,286.886249,-128.675,90.0,bottom
D81,317.842499,-133.438,90.0,bottom
D82,341.654999,-128.675,90.0,bottom
D83,360.704999,-128.675,90.0,bottom
D84,379.754999,-128.675,90.0,bottom
D85,48.761249,-147.725,90.0,bottom
D86,72.573749,-147.725,90.0,bottom
D87,96.386249,-147.725,90.0,bottom
D88,167.823749,-147.725,90.0,bottom
D89,236.879999,-147.725,90.0,bottom
D9,227.354999,-42.95,90.0,bottom
D90,255.929999,-147.725,90.0,bottom
D91,274.979999,-147.725,90.0,bottom
D92,298.792499,-152.488,90.0,bottom
D93,317.842499,-152.488,90.0,bottom
D94,336.892499,-152.488,90.0,bottom
D95,360.704999,-147.725,90.0,bottom
D96,379.754999,-147.725,90.0,bottom
GND,320.16,-102.84,0.0,top
J1,320.16,-111.71,270.0,top
L1,38.099999,-43.282842,180.0,top
L10,333.374999,-129.007842,180.0,top
L11,95.249999,-43.282842,180.0,top
L12,228.600001,-71.652158,0.0,top
L13,200.024999,-90.907842,180.0,top
L14,147.637501,-109.752158,0.0,top
L15,352.424999,-129.007842,180.0,top
L16,114.299999,-43.282842,180.0,top
L17,209.550001,-71.652158,0.0,top
L18,219.074999,-90.907842,180.0,top
L19,128.587501,-109.752158,0.0,top
L2,266.700001,-71.652158,0.0,top
L20,371.474999,-129.007842,180.0,top
L21,133.349999,-43.282842,180.0,top
L22,190.500001,-71.652158,0.0,top
L23,238.124999,-90.907842,180.0,top
L24,109.537501,-109.752158,0.0,top
L25,390.525001,-138.327158,0.0,top
L26,161.924999,-43.282842,180.0,top
L27,171.450001,-71.652158,0.0,top
L28,257.174999,-90.907842,180.0,top
L29,90.487501,-109.752158,0.0,top
L3,161.924999,-90.907842,180.0,top
L30,371.475001,-147.852158,0.0,top
L31,180.974999,-43.282842,180.0,top
L32,152.400001,-71.652158,0.0,top
L33,276.224999,-90.907842,180.0,top
L34,71.437501,-109.752158,0.0,top
L35,352.425001,-147.852158,0.0,top
L36,200.024999,-43.282842,180.0,top
L37,133.350001,-71.652158,0.0,top
L38,300.037499,-90.907842,180.0,top
L39,45.243751,-109.752158,0.0,top
L4,185.737501,-109.752158,0.0,top
L40,328.612501,-152.615158,0.0,top
L41,219.074999,-43.282842,180.0,top
L42,114.300001,-71.652158,0.0,top
L43,333.374999,-90.907842,180.0,top
L44,50.006249,-129.007842,180.0,top
L45,309.562501,-152.615158,0.0,top
L46,247.649999,-43.282842,180.0,top
L47,95.250001,-71.652158,0.0,top
L48,352.424999,-90.907842,180.0,top
L49,80.962499,-129.007842,180.0,top
L5,309.562499,-133.770842,180.0,top
L50,290.512501,-152.615158,0.0,top
L51,266.699999,-43.282842,180.0,top
L52,76.200001,-71.652158,0.0,top
L53,371.474999,-90.907842,180.0,top
L54,100.012499,-129.007842,180.0,top
L55,266.700001,-147.852158,0.0,top
L56,285.749999,-43.282842,180.0,top
L57,57.150001,-71.652158,0.0,top
L58,390.524999,-100.432842,180.0,top
L59,119.062499,-129.007842,180.0,top
L6,76.199999,-43.282842,180.0,top
L60,247.650001,-147.852158,0.0,top
L61,304.799999,-43.282842,180.0,top
L62,38.100001,-71.652158,0.0,top
L63,371.475001,-109.752158,0.0,top
L64,138.112499,-129.007842,180.0,top
L65,228.600001,-147.852158,0.0,top
L66,352.424999,-43.282842,180.0,top
L67,352.425001,-109.752158,0.0,top
L68,157.162499,-129.007842,180.0,top
L69,159.543751,-147.852158,0.0,top
L7,247.650001,-71.652158,0.0,top
L70,371.474999,-43.282842,180.0,top
L71,42.862499,-90.907842,180.0,top
L72,333.375001,-109.752158,0.0,top
L73,176.212499,-129.007842,180.0,top
L74,88.106251,-147.852158,0.0,top
L75,390.525001,-71.652158,0.0,top
L76,66.674999,-90.907842,180.0,top
L77,292.893751,-109.752158,0.0,top
L78,195.262499,-129.007842,180.0,top
L79,64.293751,-147.852158,0.0,top
L8,180.974999,-90.907842,180.0,top
L80,371.475001,-71.652158,0.0,top
L81,85.724999,-90.907842,180.0,top
L82,261.937501,-109.752158,0.0,top
L83,214.312499,-129.007842,180.0,top
L84,40.481251,-147.852158,0.0,top
L85,352.425001,-71.652158,0.0,top
L86,104.774999,-90.907842,180.0,top
L87,242.887501,-109.752158,0.0,top
L88,233.362499,-129.007842,180.0,top
L89,333.375001,-71.652158,0.0,top
L9,166.687501,-109.752158,0.0,top
L90,123.824999,-90.907842,180.0,top
L91,223.837501,-109.752158,0.0,top
L92,252.412499,-129.007842,180.0,top
L93,295.275001,-71.652158,0.0,top
L94,142.874999,-90.907842,180.0,top
L95,204.787501,-109.752158,0.0,top
L96,278.606249,-129.007842,180.0,top
P1,328.71,-30.01,180.0,top
R1,336.47,-31.77,0.0,top
R10,32.73,-43.62,270.0,bottom
R2,340.39,-36.74,0.0,top
R3,336.42,-35.2,0.0,top
R4,340.52,-33.04,0.0,top
R5,316.67,-38.31,90.0,bottom
R6,310.59,-67.04,270.0,bottom
R7,320.73,-62.11,180.0,top
RE1,390.84,-37.76,0.0,top
RESET,319.91,-93.49,0.0,top
SW1,38.1,-38.1,0.0,top
SW10,247.65,-38.1,0.0,top
SW11,266.7,-38.1,0.0,top
SW12,285.75,-38.1,0.0,top
SW13,304.8,-38.1,0.0,top
SW14,352.425,-38.1,0.0,top
SW15,371.475,-38.1,0.0,top
SW16,38.1,-66.675,0.0,top
SW17,57.15,-66.675,0.0,top
SW18,76.2,-66.675,0.0,top
SW19,95.25,-66.675,0.0,top
SW2,76.2,-38.1,0.0,top
SW20,114.3,-66.675,0.0,top
SW21,133.35,-66.675,0.0,top
SW22,152.4,-66.675,0.0,top
SW23,171.45,-66.675,0.0,top
SW24,190.5,-66.675,0.0,top
SW25,209.55,-66.675,0.0,top
SW26,228.6,-66.675,0.0,top
SW27,247.65,-66.675,0.0,top
SW28,266.7,-66.675,0.0,top
SW29,295.275,-66.675,0.0,top
SW3,95.25,-38.1,0.0,top
SW30,333.375,-66.675,0.0,top
SW31,352.425,-66.675,0.0,top
SW32,371.475,-66.675,0.0,top
SW33,390.525,-66.675,0.0,top
SW34,390.525,-133.35,0.0,top
SW35,42.8625,-85.725,0.0,top
SW36,66.675,-85.725,0.0,top
SW37,85.725,-85.725,0.0,top
SW38,104.775,-85.725,0.0,top
SW39,123.825,-85.725,0.0,top
SW4,114.3,-38.1,0.0,top
SW40,142.875,-85.725,0.0,top
SW41,161.925,-85.725,0.0,top
SW42,180.975,-85.725,0.0,top
SW43,200.025,-85.725,0.0,top
SW44,219.075,-85.725,0.0,top
SW45,238.125,-85.725,0.0,top
SW46,257.175,-85.725,0.0,top
SW47,276.225,-85.725,0.0,top
SW48,300.0375,-85.725,0.0,top
SW49,333.375,-85.725,0.0,top
SW5,133.35,-38.1,0.0,top
SW50,352.425,-85.725,0.0,top
SW51,371.475,-85.725,0.0,top
SW52,390.525,-95.25,0.0,top
SW53,45.24375,-104.775,0.0,top
SW54,71.4375,-104.775,0.0,top
SW55,90.4875,-104.775,0.0,top
SW56,109.5375,-104.775,0.0,top
SW57,128.5875,-104.775,0.0,top
SW58,147.6375,-104.775,0.0,top
SW59,166.6875,-104.775,0.0,top
SW6,161.925,-38.1,0.0,top
SW60,185.7375,-104.775,0.0,top
SW61,204.7875,-104.775,0.0,top
SW62,223.8375,-104.775,0.0,top
SW63,242.8875,-104.775,0.0,top
SW64,261.9375,-104.775,0.0,top
SW65,292.89375,-104.775,0.0,top
SW66,333.375,-104.775,0.0,top
SW67,352.425,-104.775,0.0,top
SW68,371.475,-104.775,0.0,top
SW69,50.00625,-123.825,0.0,top
SW7,180.975,-38.1,0.0,top
SW70,80.9625,-123.825,0.0,top
SW71,100.0125,-123.825,0.0,top
SW72,119.0625,-123.825,0.0,top
SW73,138.1125,-123.825,0.0,top
SW74,157.1625,-123.825,0.0,top
SW75,176.2125,-123.825,0.0,top
SW76,195.2625,-123.825,0.0,top
SW77,214.3125,-123.825,0.0,top
SW78,233.3625,-123.825,0.0,top
SW79,252.4125,-123.825,0.0,top
SW8,200.025,-38.1,0.0,top
SW80,278.60625,-123.825,0.0,top
SW81,309.5625,-128.588,0.0,top
SW82,333.375,-123.825,0.0,top
SW83,352.425,-123.825,0.0,top
SW84,371.475,-123.825,0.0,top
SW85,40.48125,-142.875,0.0,top
SW86,64.29375,-142.875,0.0,top
SW87,88.10625,-142.875,0.0,top
SW88,159.54375,-142.875,0.0,top
SW89,228.6,-142.875,0.0,top
SW9,219.075,-38.1,0.0,top
SW90,247.65,-142.875,0.0,top
SW91,266.7,-142.875,0.0,top
SW92,290.5125,-147.638,0.0,top
SW93,309.5625,-147.638,0.0,top
SW94,328.6125,-147.638,0.0,top
SW95,352.425,-142.875,0.0,top
SW96,371.475,-142.875,0.0,top
U1,318.4225,-38.17,0.0,top
U2,328.66,-42.17,90.0,top
U3,318.9725,-52.15,90.0,top
Y1,314.08,-69.08,270.0,bottom
